id,a,b,c,d,e,f,path
77475,"Clothing, Shoes & Accessories","Kids' Clothing, Shoes & Accs",Boys' Clothing (Sizes 4 & Up),Jeans,,,"Clothing, Shoes & Accessories > Kids' Clothing, Shoes & Accs > Boys' Clothing (Sizes 4 & Up) > Jeans"
51933,"Clothing, Shoes & Accessories","Kids' Clothing, Shoes & Accs",Boys' Clothing (Sizes 4 & Up),Outerwear,,,"Clothing, Shoes & Accessories > Kids' Clothing, Shoes & Accs > Boys' Clothing (Sizes 4 & Up) > Outerwear"
156790,"Clothing, Shoes & Accessories","Kids' Clothing, Shoes & Accs",Boys' Clothing (Sizes 4 & Up),Outfits & Sets,,,"Clothing, Shoes & Accessories > Kids' Clothing, Shoes & Accs > Boys' Clothing (Sizes 4 & Up) > Outfits & Sets"
51920,"Clothing, Shoes & Accessories","Kids' Clothing, Shoes & Accs",Boys' Clothing (Sizes 4 & Up),Pants,,,"Clothing, Shoes & Accessories > Kids' Clothing, Shoes & Accs > Boys' Clothing (Sizes 4 & Up) > Pants"
15615,"Clothing, Shoes & Accessories","Kids' Clothing, Shoes & Accs",Boys' Clothing (Sizes 4 & Up),Shorts,,,"Clothing, Shoes & Accessories > Kids' Clothing, Shoes & Accs > Boys' Clothing (Sizes 4 & Up) > Shorts"
84544,"Clothing, Shoes & Accessories","Kids' Clothing, Shoes & Accs",Boys' Clothing (Sizes 4 & Up),Sleepwear,,,"Clothing, Shoes & Accessories > Kids' Clothing, Shoes & Accs > Boys' Clothing (Sizes 4 & Up) > Sleepwear"
153564,"Clothing, Shoes & Accessories","Kids' Clothing, Shoes & Accs",Boys' Clothing (Sizes 4 & Up),Socks,,,"Clothing, Shoes & Accessories > Kids' Clothing, Shoes & Accs > Boys' Clothing (Sizes 4 & Up) > Socks"
99754,"Clothing, Shoes & Accessories","Kids' Clothing, Shoes & Accs",Boys' Clothing (Sizes 4 & Up),Suits,,,"Clothing, Shoes & Accessories > Kids' Clothing, Shoes & Accs > Boys' Clothing (Sizes 4 & Up) > Suits"
51946,"Clothing, Shoes & Accessories","Kids' Clothing, Shoes & Accs",Boys' Clothing (Sizes 4 & Up),Sweaters,,,"Clothing, Shoes & Accessories > Kids' Clothing, Shoes & Accs > Boys' Clothing (Sizes 4 & Up) > Sweaters"
57916,"Clothing, Shoes & Accessories","Kids' Clothing, Shoes & Accs",Boys' Clothing (Sizes 4 & Up),Sweatshirts & Hoodies,,,"Clothing, Shoes & Accessories > Kids' Clothing, Shoes & Accs > Boys' Clothing (Sizes 4 & Up) > Sweatshirts & Hoodies"
51919,"Clothing, Shoes & Accessories","Kids' Clothing, Shoes & Accs",Boys' Clothing (Sizes 4 & Up),Swimwear,,,"Clothing, Shoes & Accessories > Kids' Clothing, Shoes & Accs > Boys' Clothing (Sizes 4 & Up) > Swimwear"
175521,"Clothing, Shoes & Accessories","Kids' Clothing, Shoes & Accs",Boys' Clothing (Sizes 4 & Up),"Tops, Shirts & T-Shirts",,,"Clothing, Shoes & Accessories > Kids' Clothing, Shoes & Accs > Boys' Clothing (Sizes 4 & Up) > Tops, Shirts & T-Shirts"
51973,"Clothing, Shoes & Accessories","Kids' Clothing, Shoes & Accs",Boys' Clothing (Sizes 4 & Up),Underwear,,,"Clothing, Shoes & Accessories > Kids' Clothing, Shoes & Accs > Boys' Clothing (Sizes 4 & Up) > Underwear"
176957,"Clothing, Shoes & Accessories","Kids' Clothing, Shoes & Accs",Boys' Clothing (Sizes 4 & Up),Vests,,,"Clothing, Shoes & Accessories > Kids' Clothing, Shoes & Accs > Boys' Clothing (Sizes 4 & Up) > Vests"
15620,"Clothing, Shoes & Accessories","Kids' Clothing, Shoes & Accs",Boys' Clothing (Sizes 4 & Up),Mixed Items & Lots,,,"Clothing, Shoes & Accessories > Kids' Clothing, Shoes & Accs > Boys' Clothing (Sizes 4 & Up) > Mixed Items & Lots"
1067,"Clothing, Shoes & Accessories","Kids' Clothing, Shoes & Accs",Boys' Clothing (Sizes 4 & Up),Other Boys' Clothes Sizes 4+,,,"Clothing, Shoes & Accessories > Kids' Clothing, Shoes & Accs > Boys' Clothing (Sizes 4 & Up) > Other Boys' Clothes Sizes 4+"
57929,"Clothing, Shoes & Accessories","Kids' Clothing, Shoes & Accs",Boys' Shoes,,,,"Clothing, Shoes & Accessories > Kids' Clothing, Shoes & Accs > Boys' Shoes"
57882,"Clothing, Shoes & Accessories","Kids' Clothing, Shoes & Accs",Boys' Accessories,Backpacks & Bags,,,"Clothing, Shoes & Accessories > Kids' Clothing, Shoes & Accs > Boys' Accessories > Backpacks & Bags"
57883,"Clothing, Shoes & Accessories","Kids' Clothing, Shoes & Accs",Boys' Accessories,Belts & Belt Buckles,,,"Clothing, Shoes & Accessories > Kids' Clothing, Shoes & Accs > Boys' Accessories > Belts & Belt Buckles"
57885,"Clothing, Shoes & Accessories","Kids' Clothing, Shoes & Accs",Boys' Accessories,Gloves & Mittens,,,"Clothing, Shoes & Accessories > Kids' Clothing, Shoes & Accs > Boys' Accessories > Gloves & Mittens"
57884,"Clothing, Shoes & Accessories","Kids' Clothing, Shoes & Accs",Boys' Accessories,Hats,,,"Clothing, Shoes & Accessories > Kids' Clothing, Shoes & Accs > Boys' Accessories > Hats"
131411,"Clothing, Shoes & Accessories","Kids' Clothing, Shoes & Accs",Boys' Accessories,Sunglasses,,,"Clothing, Shoes & Accessories > Kids' Clothing, Shoes & Accs > Boys' Accessories > Sunglasses"
122320,"Clothing, Shoes & Accessories","Kids' Clothing, Shoes & Accs",Boys' Accessories,Suspenders,,,"Clothing, Shoes & Accessories > Kids' Clothing, Shoes & Accs > Boys' Accessories > Suspenders"
57886,"Clothing, Shoes & Accessories","Kids' Clothing, Shoes & Accs",Boys' Accessories,Ties,,,"Clothing, Shoes & Accessories > Kids' Clothing, Shoes & Accs > Boys' Accessories > Ties"
156789,"Clothing, Shoes & Accessories","Kids' Clothing, Shoes & Accs",Boys' Accessories,Mixed Items & Lots,,,"Clothing, Shoes & Accessories > Kids' Clothing, Shoes & Accs > Boys' Accessories > Mixed Items & Lots"
3075,"Clothing, Shoes & Accessories","Kids' Clothing, Shoes & Accs",Boys' Accessories,Other Boys' Accessories,,,"Clothing, Shoes & Accessories > Kids' Clothing, Shoes & Accs > Boys' Accessories > Other Boys' Accessories"
51581,"Clothing, Shoes & Accessories","Kids' Clothing, Shoes & Accs",Girls' Clothing (Sizes 4 & Up),Dresses,,,"Clothing, Shoes & Accessories > Kids' Clothing, Shoes & Accs > Girls' Clothing (Sizes 4 & Up) > Dresses"
77411,"Clothing, Shoes & Accessories","Kids' Clothing, Shoes & Accs",Girls' Clothing (Sizes 4 & Up),Jeans,,,"Clothing, Shoes & Accessories > Kids' Clothing, Shoes & Accs > Girls' Clothing (Sizes 4 & Up) > Jeans"
175528,"Clothing, Shoes & Accessories","Kids' Clothing, Shoes & Accs",Girls' Clothing (Sizes 4 & Up),Jumpsuits & Rompers,,,"Clothing, Shoes & Accessories > Kids' Clothing, Shoes & Accs > Girls' Clothing (Sizes 4 & Up) > Jumpsuits & Rompers"
152719,"Clothing, Shoes & Accessories","Kids' Clothing, Shoes & Accs",Girls' Clothing (Sizes 4 & Up),Leggings,,,"Clothing, Shoes & Accessories > Kids' Clothing, Shoes & Accs > Girls' Clothing (Sizes 4 & Up) > Leggings"
51580,"Clothing, Shoes & Accessories","Kids' Clothing, Shoes & Accs",Girls' Clothing (Sizes 4 & Up),Outerwear,,,"Clothing, Shoes & Accessories > Kids' Clothing, Shoes & Accs > Girls' Clothing (Sizes 4 & Up) > Outerwear"
156801,"Clothing, Shoes & Accessories","Kids' Clothing, Shoes & Accs",Girls' Clothing (Sizes 4 & Up),Outfits & Sets,,,"Clothing, Shoes & Accessories > Kids' Clothing, Shoes & Accs > Girls' Clothing (Sizes 4 & Up) > Outfits & Sets"
51568,"Clothing, Shoes & Accessories","Kids' Clothing, Shoes & Accs",Girls' Clothing (Sizes 4 & Up),Pants,,,"Clothing, Shoes & Accessories > Kids' Clothing, Shoes & Accs > Girls' Clothing (Sizes 4 & Up) > Pants"
15648,"Clothing, Shoes & Accessories","Kids' Clothing, Shoes & Accs",Girls' Clothing (Sizes 4 & Up),Shorts,,,"Clothing, Shoes & Accessories > Kids' Clothing, Shoes & Accs > Girls' Clothing (Sizes 4 & Up) > Shorts"
51583,"Clothing, Shoes & Accessories","Kids' Clothing, Shoes & Accs",Girls' Clothing (Sizes 4 & Up),Skirts,,,"Clothing, Shoes & Accessories > Kids' Clothing, Shoes & Accs > Girls' Clothing (Sizes 4 & Up) > Skirts"
99735,"Clothing, Shoes & Accessories","Kids' Clothing, Shoes & Accs",Girls' Clothing (Sizes 4 & Up),Sleepwear,,,"Clothing, Shoes & Accessories > Kids' Clothing, Shoes & Accs > Girls' Clothing (Sizes 4 & Up) > Sleepwear"
153797,"Clothing, Shoes & Accessories","Kids' Clothing, Shoes & Accs",Girls' Clothing (Sizes 4 & Up),Socks & Tights,,,"Clothing, Shoes & Accessories > Kids' Clothing, Shoes & Accs > Girls' Clothing (Sizes 4 & Up) > Socks & Tights"
51582,"Clothing, Shoes & Accessories","Kids' Clothing, Shoes & Accs",Girls' Clothing (Sizes 4 & Up),Sweaters,,,"Clothing, Shoes & Accessories > Kids' Clothing, Shoes & Accs > Girls' Clothing (Sizes 4 & Up) > Sweaters"
152554,"Clothing, Shoes & Accessories","Kids' Clothing, Shoes & Accs",Girls' Clothing (Sizes 4 & Up),Sweatshirts & Hoodies,,,"Clothing, Shoes & Accessories > Kids' Clothing, Shoes & Accs > Girls' Clothing (Sizes 4 & Up) > Sweatshirts & Hoodies"
51567,"Clothing, Shoes & Accessories","Kids' Clothing, Shoes & Accs",Girls' Clothing (Sizes 4 & Up),Swimwear,,,"Clothing, Shoes & Accessories > Kids' Clothing, Shoes & Accs > Girls' Clothing (Sizes 4 & Up) > Swimwear"
175529,"Clothing, Shoes & Accessories","Kids' Clothing, Shoes & Accs",Girls' Clothing (Sizes 4 & Up),"Tops, Shirts & T-Shirts",,,"Clothing, Shoes & Accessories > Kids' Clothing, Shoes & Accs > Girls' Clothing (Sizes 4 & Up) > Tops, Shirts & T-Shirts"
51586,"Clothing, Shoes & Accessories","Kids' Clothing, Shoes & Accs",Girls' Clothing (Sizes 4 & Up),Underwear,,,"Clothing, Shoes & Accessories > Kids' Clothing, Shoes & Accs > Girls' Clothing (Sizes 4 & Up) > Underwear"
15652,"Clothing, Shoes & Accessories","Kids' Clothing, Shoes & Accs",Girls' Clothing (Sizes 4 & Up),Mixed Items & Lots,,,"Clothing, Shoes & Accessories > Kids' Clothing, Shoes & Accs > Girls' Clothing (Sizes 4 & Up) > Mixed Items & Lots"
51587,"Clothing, Shoes & Accessories","Kids' Clothing, Shoes & Accs",Girls' Clothing (Sizes 4 & Up),Other Girls' Clothes Sizes 4+,,,"Clothing, Shoes & Accessories > Kids' Clothing, Shoes & Accs > Girls' Clothing (Sizes 4 & Up) > Other Girls' Clothes Sizes 4+"
57974,"Clothing, Shoes & Accessories","Kids' Clothing, Shoes & Accs",Girls' Shoes,,,,"Clothing, Shoes & Accessories > Kids' Clothing, Shoes & Accs > Girls' Shoes"
57917,"Clothing, Shoes & Accessories","Kids' Clothing, Shoes & Accs",Girls' Accessories,Backpacks,,,"Clothing, Shoes & Accessories > Kids' Clothing, Shoes & Accs > Girls' Accessories > Backpacks"
57918,"Clothing, Shoes & Accessories","Kids' Clothing, Shoes & Accs",Girls' Accessories,Belts & Belt Buckles,,,"Clothing, Shoes & Accessories > Kids' Clothing, Shoes & Accs > Girls' Accessories > Belts & Belt Buckles"
57919,"Clothing, Shoes & Accessories","Kids' Clothing, Shoes & Accs",Girls' Accessories,Gloves & Mittens,,,"Clothing, Shoes & Accessories > Kids' Clothing, Shoes & Accs > Girls' Accessories > Gloves & Mittens"
57920,"Clothing, Shoes & Accessories","Kids' Clothing, Shoes & Accs",Girls' Accessories,Hair Accessories,,,"Clothing, Shoes & Accessories > Kids' Clothing, Shoes & Accs > Girls' Accessories > Hair Accessories"
15630,"Clothing, Shoes & Accessories","Kids' Clothing, Shoes & Accs",Girls' Accessories,Hats,,,"Clothing, Shoes & Accessories > Kids' Clothing, Shoes & Accs > Girls' Accessories > Hats"
150956,"Clothing, Shoes & Accessories","Kids' Clothing, Shoes & Accs",Girls' Accessories,Shoe Charms,,,"Clothing, Shoes & Accessories > Kids' Clothing, Shoes & Accs > Girls' Accessories > Shoe Charms"
122340,"Clothing, Shoes & Accessories","Kids' Clothing, Shoes & Accs",Girls' Accessories,Sunglasses,,,"Clothing, Shoes & Accessories > Kids' Clothing, Shoes & Accs > Girls' Accessories > Sunglasses"
15633,"Clothing, Shoes & Accessories","Kids' Clothing, Shoes & Accs",Girls' Accessories,Mixed Items & Lots,,,"Clothing, Shoes & Accessories > Kids' Clothing, Shoes & Accs > Girls' Accessories > Mixed Items & Lots"
11467,"Clothing, Shoes & Accessories","Kids' Clothing, Shoes & Accs",Girls' Accessories,Other Girls' Accessories,,,"Clothing, Shoes & Accessories > Kids' Clothing, Shoes & Accs > Girls' Accessories > Other Girls' Accessories"
175640,"Clothing, Shoes & Accessories","Kids' Clothing, Shoes & Accs",Other Kids' Clothing & Accs,,,,"Clothing, Shoes & Accessories > Kids' Clothing, Shoes & Accs > Other Kids' Clothing & Accs"
52357,"Clothing, Shoes & Accessories",Men's Accessories,Bags,,,,"Clothing, Shoes & Accessories > Men's Accessories > Bags"
86647,"Clothing, Shoes & Accessories",Men's Accessories,Belt Buckles,,,,"Clothing, Shoes & Accessories > Men's Accessories > Belt Buckles"
2993,"Clothing, Shoes & Accessories",Men's Accessories,Belts,,,,"Clothing, Shoes & Accessories > Men's Accessories > Belts"
2994,"Clothing, Shoes & Accessories",Men's Accessories,Gloves & Mittens,,,,"Clothing, Shoes & Accessories > Men's Accessories > Gloves & Mittens"
167902,"Clothing, Shoes & Accessories",Men's Accessories,Handkerchiefs,,,,"Clothing, Shoes & Accessories > Men's Accessories > Handkerchiefs"
52365,"Clothing, Shoes & Accessories",Men's Accessories,Hats,,,,"Clothing, Shoes & Accessories > Men's Accessories > Hats"
79720,"Clothing, Shoes & Accessories",Men's Accessories,Sunglasses & Sunglasses Accessories,Sunglasses,,,"Clothing, Shoes & Accessories > Men's Accessories > Sunglasses & Sunglasses Accessories > Sunglasses"
179194,"Clothing, Shoes & Accessories",Men's Accessories,Sunglasses & Sunglasses Accessories,Replacement Lenses & Parts,,,"Clothing, Shoes & Accessories > Men's Accessories > Sunglasses & Sunglasses Accessories > Replacement Lenses & Parts"
179241,"Clothing, Shoes & Accessories",Men's Accessories,Sunglasses & Sunglasses Accessories,Accessories,,,"Clothing, Shoes & Accessories > Men's Accessories > Sunglasses & Sunglasses Accessories > Accessories"
105387,"Clothing, Shoes & Accessories",Men's Accessories,Suspenders,,,,"Clothing, Shoes & Accessories > Men's Accessories > Suspenders"
175627,"Clothing, Shoes & Accessories",Men's Accessories,Accessory Sets,,,,"Clothing, Shoes & Accessories > Men's Accessories > Accessory Sets"
1060,"Clothing, Shoes & Accessories",Men's Accessories,Other Men's Accessories,,,,"Clothing, Shoes & Accessories > Men's Accessories > Other Men's Accessories"
57988,"Clothing, Shoes & Accessories",Men's Clothing,Coats & Jackets,,,,"Clothing, Shoes & Accessories > Men's Clothing > Coats & Jackets"
11483,"Clothing, Shoes & Accessories",Men's Clothing,Jeans,,,,"Clothing, Shoes & Accessories > Men's Clothing > Jeans"
57989,"Clothing, Shoes & Accessories",Men's Clothing,Pants,,,,"Clothing, Shoes & Accessories > Men's Clothing > Pants"
57990,"Clothing, Shoes & Accessories",Men's Clothing,Shirts,Casual Button-Down Shirts,,,"Clothing, Shoes & Accessories > Men's Clothing > Shirts > Casual Button-Down Shirts"
185101,"Clothing, Shoes & Accessories",Men's Clothing,Shirts,Polos,,,"Clothing, Shoes & Accessories > Men's Clothing > Shirts > Polos"
15687,"Clothing, Shoes & Accessories",Men's Clothing,Shirts,T-Shirts,,,"Clothing, Shoes & Accessories > Men's Clothing > Shirts > T-Shirts"
185075,"Clothing, Shoes & Accessories",Men's Clothing,Activewear,Activewear Bottoms,,,"Clothing, Shoes & Accessories > Men's Clothing > Activewear > Activewear Bottoms"
185702,"Clothing, Shoes & Accessories",Men's Clothing,Activewear,Activewear Jackets,,,"Clothing, Shoes & Accessories > Men's Clothing > Activewear > Activewear Jackets"
185076,"Clothing, Shoes & Accessories",Men's Clothing,Activewear,Activewear Tops,,,"Clothing, Shoes & Accessories > Men's Clothing > Activewear > Activewear Tops"
155183,"Clothing, Shoes & Accessories",Men's Clothing,Activewear,Hoodies & Sweatshirts,,,"Clothing, Shoes & Accessories > Men's Clothing > Activewear > Hoodies & Sweatshirts"
185708,"Clothing, Shoes & Accessories",Men's Clothing,Activewear,Tracksuits & Sets,,,"Clothing, Shoes & Accessories > Men's Clothing > Activewear > Tracksuits & Sets"
15689,"Clothing, Shoes & Accessories",Men's Clothing,Shorts,,,,"Clothing, Shoes & Accessories > Men's Clothing > Shorts"
11511,"Clothing, Shoes & Accessories",Men's Clothing,Socks,,,,"Clothing, Shoes & Accessories > Men's Clothing > Socks"
3001,"Clothing, Shoes & Accessories",Men's Clothing,Suits & Suit Separates,,,,"Clothing, Shoes & Accessories > Men's Clothing > Suits & Suit Separates"
11484,"Clothing, Shoes & Accessories",Men's Clothing,Sweaters,,,,"Clothing, Shoes & Accessories > Men's Clothing > Sweaters"
15690,"Clothing, Shoes & Accessories",Men's Clothing,Swimwear,,,,"Clothing, Shoes & Accessories > Men's Clothing > Swimwear"
313,"Clothing, Shoes & Accessories",Men's Clothing,Other Men's Clothing,,,,"Clothing, Shoes & Accessories > Men's Clothing > Other Men's Clothing"
15709,"Clothing, Shoes & Accessories",Men's Shoes,Athletic Shoes,,,,"Clothing, Shoes & Accessories > Men's Shoes > Athletic Shoes"
11498,"Clothing, Shoes & Accessories",Men's Shoes,Boots,,,,"Clothing, Shoes & Accessories > Men's Shoes > Boots"
24087,"Clothing, Shoes & Accessories",Men's Shoes,Casual Shoes,,,,"Clothing, Shoes & Accessories > Men's Shoes > Casual Shoes"
11504,"Clothing, Shoes & Accessories",Men's Shoes,Sandals,,,,"Clothing, Shoes & Accessories > Men's Shoes > Sandals"
11505,"Clothing, Shoes & Accessories",Men's Shoes,Slippers,,,,"Clothing, Shoes & Accessories > Men's Shoes > Slippers"
163573,"Clothing, Shoes & Accessories",Women's Accessories,Belt Buckles,,,,"Clothing, Shoes & Accessories > Women's Accessories > Belt Buckles"
3003,"Clothing, Shoes & Accessories",Women's Accessories,Belts,,,,"Clothing, Shoes & Accessories > Women's Accessories > Belts"
105559,"Clothing, Shoes & Accessories",Women's Accessories,Gloves & Mittens,,,,"Clothing, Shoes & Accessories > Women's Accessories > Gloves & Mittens"
45220,"Clothing, Shoes & Accessories",Women's Accessories,Hair Accessories,,,,"Clothing, Shoes & Accessories > Women's Accessories > Hair Accessories"
163570,"Clothing, Shoes & Accessories",Women's Accessories,Handbag Accessories,,,,"Clothing, Shoes & Accessories > Women's Accessories > Handbag Accessories"
45230,"Clothing, Shoes & Accessories",Women's Accessories,Hats,,,,"Clothing, Shoes & Accessories > Women's Accessories > Hats"
45246,"Clothing, Shoes & Accessories",Women's Accessories,Sunglasses & Sunglasses Accessories,Sunglasses,,,"Clothing, Shoes & Accessories > Women's Accessories > Sunglasses & Sunglasses Accessories > Sunglasses"
179196,"Clothing, Shoes & Accessories",Women's Accessories,Sunglasses & Sunglasses Accessories,Replacement Lenses & Parts,,,"Clothing, Shoes & Accessories > Women's Accessories > Sunglasses & Sunglasses Accessories > Replacement Lenses & Parts"
179249,"Clothing, Shoes & Accessories",Women's Accessories,Sunglasses & Sunglasses Accessories,Accessories,,,"Clothing, Shoes & Accessories > Women's Accessories > Sunglasses & Sunglasses Accessories > Accessories"
15738,"Clothing, Shoes & Accessories",Women's Accessories,Accessory Sets,,,,"Clothing, Shoes & Accessories > Women's Accessories > Accessory Sets"
1063,"Clothing, Shoes & Accessories",Women's Accessories,Other Women's Accessories,,,,"Clothing, Shoes & Accessories > Women's Accessories > Other Women's Accessories"
185080,"Clothing, Shoes & Accessories",Women's Clothing,Activewear,Activewear Bottoms,,,"Clothing, Shoes & Accessories > Women's Clothing > Activewear > Activewear Bottoms"
185079,"Clothing, Shoes & Accessories",Women's Clothing,Activewear,Activewear Jackets,,,"Clothing, Shoes & Accessories > Women's Clothing > Activewear > Activewear Jackets"
185082,"Clothing, Shoes & Accessories",Women's Clothing,Activewear,Activewear Tops,,,"Clothing, Shoes & Accessories > Women's Clothing > Activewear > Activewear Tops"
155226,"Clothing, Shoes & Accessories",Women's Clothing,Activewear,Hoodies & Sweatshirts,,,"Clothing, Shoes & Accessories > Women's Clothing > Activewear > Hoodies & Sweatshirts"
185083,"Clothing, Shoes & Accessories",Women's Clothing,Activewear,Sports Bras,,,"Clothing, Shoes & Accessories > Women's Clothing > Activewear > Sports Bras"
185084,"Clothing, Shoes & Accessories",Women's Clothing,Activewear,Tracksuits & Sets,,,"Clothing, Shoes & Accessories > Women's Clothing > Activewear > Tracksuits & Sets"
63862,"Clothing, Shoes & Accessories",Women's Clothing,"Coats, Jackets & Vests",,,,"Clothing, Shoes & Accessories > Women's Clothing > Coats, Jackets & Vests"
163587,"Clothing, Shoes & Accessories",Women's Clothing,Hosiery & Socks,Leg Warmers,,,"Clothing, Shoes & Accessories > Women's Clothing > Hosiery & Socks > Leg Warmers"
163588,"Clothing, Shoes & Accessories",Women's Clothing,Hosiery & Socks,Socks,,,"Clothing, Shoes & Accessories > Women's Clothing > Hosiery & Socks > Socks"
11527,"Clothing, Shoes & Accessories",Women's Clothing,Hosiery & Socks,Stockings & Thigh-Highs,,,"Clothing, Shoes & Accessories > Women's Clothing > Hosiery & Socks > Stockings & Thigh-Highs"
11554,"Clothing, Shoes & Accessories",Women's Clothing,Jeans,,,,"Clothing, Shoes & Accessories > Women's Clothing > Jeans"
3009,"Clothing, Shoes & Accessories",Women's Clothing,Jumpsuits & Rompers,,,,"Clothing, Shoes & Accessories > Women's Clothing > Jumpsuits & Rompers"
169001,"Clothing, Shoes & Accessories",Women's Clothing,Leggings,,,,"Clothing, Shoes & Accessories > Women's Clothing > Leggings"
63863,"Clothing, Shoes & Accessories",Women's Clothing,Pants,,,,"Clothing, Shoes & Accessories > Women's Clothing > Pants"
11555,"Clothing, Shoes & Accessories",Women's Clothing,Shorts,,,,"Clothing, Shoes & Accessories > Women's Clothing > Shorts"
63864,"Clothing, Shoes & Accessories",Women's Clothing,Skirts,,,,"Clothing, Shoes & Accessories > Women's Clothing > Skirts"
63865,"Clothing, Shoes & Accessories",Women's Clothing,Suits & Suit Separates,,,,"Clothing, Shoes & Accessories > Women's Clothing > Suits & Suit Separates"
63866,"Clothing, Shoes & Accessories",Women's Clothing,Sweaters,,,,"Clothing, Shoes & Accessories > Women's Clothing > Sweaters"
63867,"Clothing, Shoes & Accessories",Women's Clothing,Swimwear,,,,"Clothing, Shoes & Accessories > Women's Clothing > Swimwear"
53159,"Clothing, Shoes & Accessories",Women's Clothing,Tops,,,,"Clothing, Shoes & Accessories > Women's Clothing > Tops"
314,"Clothing, Shoes & Accessories",Women's Clothing,Other Women's Clothing,,,,"Clothing, Shoes & Accessories > Women's Clothing > Other Women's Clothing"
169291,"Clothing, Shoes & Accessories",Women's Bags & Handbags,,,,,"Clothing, Shoes & Accessories > Women's Bags & Handbags"
95672,"Clothing, Shoes & Accessories",Women's Shoes,Athletic Shoes,,,,"Clothing, Shoes & Accessories > Women's Shoes > Athletic Shoes"
53557,"Clothing, Shoes & Accessories",Women's Shoes,Boots,,,,"Clothing, Shoes & Accessories > Women's Shoes > Boots"
53548,"Clothing, Shoes & Accessories",Women's Shoes,Comfort Shoes,,,,"Clothing, Shoes & Accessories > Women's Shoes > Comfort Shoes"
45333,"Clothing, Shoes & Accessories",Women's Shoes,Flats,,,,"Clothing, Shoes & Accessories > Women's Shoes > Flats"
55793,"Clothing, Shoes & Accessories",Women's Shoes,Heels,,,,"Clothing, Shoes & Accessories > Women's Shoes > Heels"
62107,"Clothing, Shoes & Accessories",Women's Shoes,Sandals,,,,"Clothing, Shoes & Accessories > Women's Shoes > Sandals"
11632,"Clothing, Shoes & Accessories",Women's Shoes,Slippers,,,,"Clothing, Shoes & Accessories > Women's Shoes > Slippers"
312,"Clothing, Shoes & Accessories","Other Clothing, Shoes & Accessories",,,,,"Clothing, Shoes & Accessories > Other Clothing, Shoes & Accessories"
181379,Sporting Goods,Outdoor Sports,Camping & Hiking,Hiking Backpacks,Backpacks,,Sporting Goods > Outdoor Sports > Camping & Hiking > Hiking Backpacks > Backpacks
87122,Sporting Goods,Outdoor Sports,Camping & Hiking,Hiking Backpacks,Day Packs,,Sporting Goods > Outdoor Sports > Camping & Hiking > Hiking Backpacks > Day Packs
87125,Sporting Goods,Outdoor Sports,Camping & Hiking,Hiking Backpacks,Hydration Packs,,Sporting Goods > Outdoor Sports > Camping & Hiking > Hiking Backpacks > Hydration Packs
181380,Sporting Goods,Outdoor Sports,Camping & Hiking,Hiking Backpacks,Waist Packs & Bags,,Sporting Goods > Outdoor Sports > Camping & Hiking > Hiking Backpacks > Waist Packs & Bags
36109,Sporting Goods,Outdoor Sports,Camping & Hiking,Hiking Backpacks,Other Camping/Hiking Backpacks,,Sporting Goods > Outdoor Sports > Camping & Hiking > Hiking Backpacks > Other Camping/Hiking Backpacks
181357,Sporting Goods,Outdoor Sports,Camping & Hiking,Clothing,Men's,Base Layers,Sporting Goods > Outdoor Sports > Camping & Hiking > Clothing > Men's > Base Layers
181358,Sporting Goods,Outdoor Sports,Camping & Hiking,Clothing,Men's,Coats & Jackets,Sporting Goods > Outdoor Sports > Camping & Hiking > Clothing > Men's > Coats & Jackets
181359,Sporting Goods,Outdoor Sports,Camping & Hiking,Clothing,Men's,Gloves,Sporting Goods > Outdoor Sports > Camping & Hiking > Clothing > Men's > Gloves
181360,Sporting Goods,Outdoor Sports,Camping & Hiking,Clothing,Men's,Pants & Shorts,Sporting Goods > Outdoor Sports > Camping & Hiking > Clothing > Men's > Pants & Shorts
181361,Sporting Goods,Outdoor Sports,Camping & Hiking,Clothing,Men's,"Shirts, Tops & Sweaters","Sporting Goods > Outdoor Sports > Camping & Hiking > Clothing > Men's > Shirts, Tops & Sweaters"
181362,Sporting Goods,Outdoor Sports,Camping & Hiking,Clothing,Men's,Socks,Sporting Goods > Outdoor Sports > Camping & Hiking > Clothing > Men's > Socks
181364,Sporting Goods,Outdoor Sports,Camping & Hiking,Clothing,Women's,Base Layers,Sporting Goods > Outdoor Sports > Camping & Hiking > Clothing > Women's > Base Layers
181365,Sporting Goods,Outdoor Sports,Camping & Hiking,Clothing,Women's,Coats & Jackets,Sporting Goods > Outdoor Sports > Camping & Hiking > Clothing > Women's > Coats & Jackets
181366,Sporting Goods,Outdoor Sports,Camping & Hiking,Clothing,Women's,Gloves,Sporting Goods > Outdoor Sports > Camping & Hiking > Clothing > Women's > Gloves
181367,Sporting Goods,Outdoor Sports,Camping & Hiking,Clothing,Women's,Pants & Shorts,Sporting Goods > Outdoor Sports > Camping & Hiking > Clothing > Women's > Pants & Shorts
181368,Sporting Goods,Outdoor Sports,Camping & Hiking,Clothing,Women's,"Shirts, Tops & Sweaters","Sporting Goods > Outdoor Sports > Camping & Hiking > Clothing > Women's > Shirts, Tops & Sweaters"
181369,Sporting Goods,Outdoor Sports,Camping & Hiking,Clothing,Women's,Socks,Sporting Goods > Outdoor Sports > Camping & Hiking > Clothing > Women's > Socks
181371,Sporting Goods,Outdoor Sports,Camping & Hiking,Clothing,Kids',Base Layers,Sporting Goods > Outdoor Sports > Camping & Hiking > Clothing > Kids' > Base Layers
181372,Sporting Goods,Outdoor Sports,Camping & Hiking,Clothing,Kids',Coats & Jackets,Sporting Goods > Outdoor Sports > Camping & Hiking > Clothing > Kids' > Coats & Jackets
181373,Sporting Goods,Outdoor Sports,Camping & Hiking,Clothing,Kids',Gloves,Sporting Goods > Outdoor Sports > Camping & Hiking > Clothing > Kids' > Gloves
181374,Sporting Goods,Outdoor Sports,Camping & Hiking,Clothing,Kids',Pants & Shorts,Sporting Goods > Outdoor Sports > Camping & Hiking > Clothing > Kids' > Pants & Shorts
181375,Sporting Goods,Outdoor Sports,Camping & Hiking,Clothing,Kids',"Shirts, Tops & Sweaters","Sporting Goods > Outdoor Sports > Camping & Hiking > Clothing > Kids' > Shirts, Tops & Sweaters"
181376,Sporting Goods,Outdoor Sports,Camping & Hiking,Clothing,Kids',Socks,Sporting Goods > Outdoor Sports > Camping & Hiking > Clothing > Kids' > Socks
181377,Sporting Goods,Outdoor Sports,Camping & Hiking,Clothing,Gaiters,,Sporting Goods > Outdoor Sports > Camping & Hiking > Clothing > Gaiters
159094,Sporting Goods,Outdoor Sports,Camping & Hiking,Clothing,Hats & Headwear,,Sporting Goods > Outdoor Sports > Camping & Hiking > Clothing > Hats & Headwear
181392,Sporting Goods,Outdoor Sports,Camping & Hiking,Clothing,Hiking Shoes & Boots,Men's,Sporting Goods > Outdoor Sports > Camping & Hiking > Clothing > Hiking Shoes & Boots > Men's
181393,Sporting Goods,Outdoor Sports,Camping & Hiking,Clothing,Hiking Shoes & Boots,Women's,Sporting Goods > Outdoor Sports > Camping & Hiking > Clothing > Hiking Shoes & Boots > Women's
181394,Sporting Goods,Outdoor Sports,Camping & Hiking,Clothing,Hiking Shoes & Boots,Kids',Sporting Goods > Outdoor Sports > Camping & Hiking > Clothing > Hiking Shoes & Boots > Kids'
27362,Sporting Goods,Outdoor Sports,Camping & Hiking,Clothing,"Other Camping, Hiking Clothing",,"Sporting Goods > Outdoor Sports > Camping & Hiking > Clothing > Other Camping, Hiking Clothing"
181390,Sporting Goods,Outdoor Sports,Camping & Hiking,Camping Storage,,,Sporting Goods > Outdoor Sports > Camping & Hiking > Camping Storage
106984,Sporting Goods,Outdoor Sports,Camping & Hiking,"Flashlights, Lanterns & Lights",Headlamps,,"Sporting Goods > Outdoor Sports > Camping & Hiking > Flashlights, Lanterns & Lights > Headlamps"
168875,Sporting Goods,Outdoor Sports,Camping & Hiking,"Flashlights, Lanterns & Lights",Accessories & Cases,,"Sporting Goods > Outdoor Sports > Camping & Hiking > Flashlights, Lanterns & Lights > Accessories & Cases"
16039,Sporting Goods,Outdoor Sports,Camping & Hiking,Generators & Heaters,,,Sporting Goods > Outdoor Sports > Camping & Hiking > Generators & Heaters
27363,Sporting Goods,Outdoor Sports,Camping & Hiking,Hiking Gear,Other Hiking Gear,,Sporting Goods > Outdoor Sports > Camping & Hiking > Hiking Gear > Other Hiking Gear
16040,Sporting Goods,Outdoor Sports,Camping & Hiking,Outdoor Sleeping Gear,Other Camping Sleeping Gear,,Sporting Goods > Outdoor Sports > Camping & Hiking > Outdoor Sleeping Gear > Other Camping Sleeping Gear
181408,Sporting Goods,Outdoor Sports,Camping & Hiking,Water Bottles & Hydration,"Canteens, Bottles & Flasks",,"Sporting Goods > Outdoor Sports > Camping & Hiking > Water Bottles & Hydration > Canteens, Bottles & Flasks"
181409,Sporting Goods,Outdoor Sports,Camping & Hiking,Water Bottles & Hydration,Water Carriers & Jerrycans,,Sporting Goods > Outdoor Sports > Camping & Hiking > Water Bottles & Hydration > Water Carriers & Jerrycans
181410,Sporting Goods,Outdoor Sports,Camping & Hiking,Water Bottles & Hydration,Other Bottles & Hydration,,Sporting Goods > Outdoor Sports > Camping & Hiking > Water Bottles & Hydration > Other Bottles & Hydration
8504,Sporting Goods,Outdoor Sports,Camping & Hiking,Other Camping & Hiking,,,Sporting Goods > Outdoor Sports > Camping & Hiking > Other Camping & Hiking
184356,Sporting Goods,Outdoor Sports,Disc Golf,Disc Golf Discs,,,Sporting Goods > Outdoor Sports > Disc Golf > Disc Golf Discs
184357,Sporting Goods,Outdoor Sports,Disc Golf,Disc Golf Baskets,,,Sporting Goods > Outdoor Sports > Disc Golf > Disc Golf Baskets
184358,Sporting Goods,Outdoor Sports,Disc Golf,Disc Golf Sets,,,Sporting Goods > Outdoor Sports > Disc Golf > Disc Golf Sets
184359,Sporting Goods,Outdoor Sports,Disc Golf,Disc Bags/Caddies,,,Sporting Goods > Outdoor Sports > Disc Golf > Disc Bags/Caddies
184360,Sporting Goods,Outdoor Sports,Disc Golf,Disc Golf Accessories,,,Sporting Goods > Outdoor Sports > Disc Golf > Disc Golf Accessories
159067,Sporting Goods,Outdoor Sports,Skateboarding & Longboarding,"Clothing, Shoes & Accessories",Clothing,Men,"Sporting Goods > Outdoor Sports > Skateboarding & Longboarding > Clothing, Shoes & Accessories > Clothing > Men"
159068,Sporting Goods,Outdoor Sports,Skateboarding & Longboarding,"Clothing, Shoes & Accessories",Clothing,Women,"Sporting Goods > Outdoor Sports > Skateboarding & Longboarding > Clothing, Shoes & Accessories > Clothing > Women"
159069,Sporting Goods,Outdoor Sports,Skateboarding & Longboarding,"Clothing, Shoes & Accessories",Clothing,Youth,"Sporting Goods > Outdoor Sports > Skateboarding & Longboarding > Clothing, Shoes & Accessories > Clothing > Youth"
159070,Sporting Goods,Outdoor Sports,Skateboarding & Longboarding,"Clothing, Shoes & Accessories",Footwear,Men,"Sporting Goods > Outdoor Sports > Skateboarding & Longboarding > Clothing, Shoes & Accessories > Footwear > Men"
159071,Sporting Goods,Outdoor Sports,Skateboarding & Longboarding,"Clothing, Shoes & Accessories",Footwear,Women,"Sporting Goods > Outdoor Sports > Skateboarding & Longboarding > Clothing, Shoes & Accessories > Footwear > Women"
159072,Sporting Goods,Outdoor Sports,Skateboarding & Longboarding,"Clothing, Shoes & Accessories",Footwear,Youth,"Sporting Goods > Outdoor Sports > Skateboarding & Longboarding > Clothing, Shoes & Accessories > Footwear > Youth"
159078,Sporting Goods,Outdoor Sports,Skateboarding & Longboarding,"Clothing, Shoes & Accessories",Hats & Headwear,,"Sporting Goods > Outdoor Sports > Skateboarding & Longboarding > Clothing, Shoes & Accessories > Hats & Headwear"
36317,Sporting Goods,Outdoor Sports,Skateboarding & Longboarding,"Clothing, Shoes & Accessories",Protective Gear,,"Sporting Goods > Outdoor Sports > Skateboarding & Longboarding > Clothing, Shoes & Accessories > Protective Gear"
159079,Sporting Goods,Outdoor Sports,Skateboarding & Longboarding,"Clothing, Shoes & Accessories",Other Skateboarding Clothing,,"Sporting Goods > Outdoor Sports > Skateboarding & Longboarding > Clothing, Shoes & Accessories > Other Skateboarding Clothing"
165942,Sporting Goods,Outdoor Sports,Skateboarding & Longboarding,Longboards-Complete,,,Sporting Goods > Outdoor Sports > Skateboarding & Longboarding > Longboards-Complete
165944,Sporting Goods,Outdoor Sports,Skateboarding & Longboarding,Longboard Parts,Decks,,Sporting Goods > Outdoor Sports > Skateboarding & Longboarding > Longboard Parts > Decks
165945,Sporting Goods,Outdoor Sports,Skateboarding & Longboarding,Longboard Parts,Trucks,,Sporting Goods > Outdoor Sports > Skateboarding & Longboarding > Longboard Parts > Trucks
165946,Sporting Goods,Outdoor Sports,Skateboarding & Longboarding,Longboard Parts,Wheels,,Sporting Goods > Outdoor Sports > Skateboarding & Longboarding > Longboard Parts > Wheels
165947,Sporting Goods,Outdoor Sports,Skateboarding & Longboarding,Longboard Parts,Other Longboard Parts,,Sporting Goods > Outdoor Sports > Skateboarding & Longboarding > Longboard Parts > Other Longboard Parts
16264,Sporting Goods,Outdoor Sports,Skateboarding & Longboarding,Skateboards-Complete,,,Sporting Goods > Outdoor Sports > Skateboarding & Longboarding > Skateboards-Complete
36624,Sporting Goods,Outdoor Sports,Skateboarding & Longboarding,Skateboard Parts,Bearings,,Sporting Goods > Outdoor Sports > Skateboarding & Longboarding > Skateboard Parts > Bearings
16263,Sporting Goods,Outdoor Sports,Skateboarding & Longboarding,Skateboard Parts,Decks,,Sporting Goods > Outdoor Sports > Skateboarding & Longboarding > Skateboard Parts > Decks
159074,Sporting Goods,Outdoor Sports,Skateboarding & Longboarding,Skateboard Parts,Grip Tape,,Sporting Goods > Outdoor Sports > Skateboarding & Longboarding > Skateboard Parts > Grip Tape
36625,Sporting Goods,Outdoor Sports,Skateboarding & Longboarding,Skateboard Parts,Trucks,,Sporting Goods > Outdoor Sports > Skateboarding & Longboarding > Skateboard Parts > Trucks
23830,Sporting Goods,Outdoor Sports,Skateboarding & Longboarding,Skateboard Parts,Wheels,,Sporting Goods > Outdoor Sports > Skateboarding & Longboarding > Skateboard Parts > Wheels
159076,Sporting Goods,Outdoor Sports,Skateboarding & Longboarding,Skateboard Parts,Other Skateboard Parts,,Sporting Goods > Outdoor Sports > Skateboarding & Longboarding > Skateboard Parts > Other Skateboard Parts
16265,Sporting Goods,Outdoor Sports,Skateboarding & Longboarding,Other Skate- & Longboarding,,,Sporting Goods > Outdoor Sports > Skateboarding & Longboarding > Other Skate- & Longboarding
159048,Sporting Goods,Outdoor Sports,Other Outdoor Sports,,,,Sporting Goods > Outdoor Sports > Other Outdoor Sports
114234,Sporting Goods,Water Sports,"Fins, Footwear & Gloves","Boots, Booties",,,"Sporting Goods > Water Sports > Fins, Footwear & Gloves > Boots, Booties"
16054,Sporting Goods,Water Sports,"Fins, Footwear & Gloves",Fins,,,"Sporting Goods > Water Sports > Fins, Footwear & Gloves > Fins"
114235,Sporting Goods,Water Sports,"Fins, Footwear & Gloves",Gloves,,,"Sporting Goods > Water Sports > Fins, Footwear & Gloves > Gloves"
159144,Sporting Goods,Water Sports,"Fins, Footwear & Gloves",Water Shoes,Men,,"Sporting Goods > Water Sports > Fins, Footwear & Gloves > Water Shoes > Men"
159145,Sporting Goods,Water Sports,"Fins, Footwear & Gloves",Water Shoes,Women,,"Sporting Goods > Water Sports > Fins, Footwear & Gloves > Water Shoes > Women"
159146,Sporting Goods,Water Sports,"Fins, Footwear & Gloves",Water Shoes,Youth,,"Sporting Goods > Water Sports > Fins, Footwear & Gloves > Water Shoes > Youth"
159147,Sporting Goods,Water Sports,"Fins, Footwear & Gloves","Other Fins, Footwear & Gloves",,,"Sporting Goods > Water Sports > Fins, Footwear & Gloves > Other Fins, Footwear & Gloves"
87090,Sporting Goods,Water Sports,"Kayaking, Canoeing & Rafting",Inflatables,,,"Sporting Goods > Water Sports > Kayaking, Canoeing & Rafting > Inflatables"
36122,Sporting Goods,Water Sports,"Kayaking, Canoeing & Rafting",Kayaks,,,"Sporting Goods > Water Sports > Kayaking, Canoeing & Rafting > Kayaks"
87091,Sporting Goods,Water Sports,"Kayaking, Canoeing & Rafting",Paddles,,,"Sporting Goods > Water Sports > Kayaking, Canoeing & Rafting > Paddles"
87089,Sporting Goods,Water Sports,"Kayaking, Canoeing & Rafting",Accessories,,,"Sporting Goods > Water Sports > Kayaking, Canoeing & Rafting > Accessories"
36123,Sporting Goods,Water Sports,"Kayaking, Canoeing & Rafting","Other Kayak, Canoe, & Rafting",,,"Sporting Goods > Water Sports > Kayaking, Canoeing & Rafting > Other Kayak, Canoe, & Rafting"
177504,Sporting Goods,Water Sports,Stand Up Paddleboarding,Stand Up Paddleboards,,,Sporting Goods > Water Sports > Stand Up Paddleboarding > Stand Up Paddleboards
177505,Sporting Goods,Water Sports,Stand Up Paddleboarding,Stand Up Paddles,,,Sporting Goods > Water Sports > Stand Up Paddleboarding > Stand Up Paddles
177506,Sporting Goods,Water Sports,Stand Up Paddleboarding,Accessories,,,Sporting Goods > Water Sports > Stand Up Paddleboarding > Accessories
71168,Sporting Goods,Water Sports,Surfing,Bodyboards,,,Sporting Goods > Water Sports > Surfing > Bodyboards
58135,Sporting Goods,Water Sports,Surfing,Posters & Prints,,,Sporting Goods > Water Sports > Surfing > Posters & Prints
155141,Sporting Goods,Water Sports,Surfing,Skimboards,,,Sporting Goods > Water Sports > Surfing > Skimboards
22710,Sporting Goods,Water Sports,Surfing,Surfboards,,,Sporting Goods > Water Sports > Surfing > Surfboards
71165,Sporting Goods,Water Sports,Surfing,Accessories,Board Bags & Socks,,Sporting Goods > Water Sports > Surfing > Accessories > Board Bags & Socks
71166,Sporting Goods,Water Sports,Surfing,Accessories,Wax,,Sporting Goods > Water Sports > Surfing > Accessories > Wax
71167,Sporting Goods,Water Sports,Surfing,Accessories,Other Surfing Accessories,,Sporting Goods > Water Sports > Surfing > Accessories > Other Surfing Accessories
2916,Sporting Goods,Water Sports,Surfing,Other Surfing,,,Sporting Goods > Water Sports > Surfing > Other Surfing
74051,Sporting Goods,Water Sports,Swimming,Goggles,,,Sporting Goods > Water Sports > Swimming > Goggles
79801,Sporting Goods,Water Sports,Swimming,Inflatable Floats & Tubes,,,Sporting Goods > Water Sports > Swimming > Inflatable Floats & Tubes
159175,Sporting Goods,Water Sports,Swimming,Training Aids,,,Sporting Goods > Water Sports > Swimming > Training Aids
36269,Sporting Goods,Water Sports,Swimming,Other Swimming,,,Sporting Goods > Water Sports > Swimming > Other Swimming
159148,Sporting Goods,Water Sports,Swimwear & Safety,Hats & Helmets,,,Sporting Goods > Water Sports > Swimwear & Safety > Hats & Helmets
15262,Sporting Goods,Water Sports,Swimwear & Safety,Life Jackets & Preservers,,,Sporting Goods > Water Sports > Swimwear & Safety > Life Jackets & Preservers
117162,Sporting Goods,Water Sports,Swimwear & Safety,Swim Caps,,,Sporting Goods > Water Sports > Swimwear & Safety > Swim Caps
140041,Sporting Goods,Water Sports,Swimwear & Safety,Swimwear,Men,,Sporting Goods > Water Sports > Swimwear & Safety > Swimwear > Men
140051,Sporting Goods,Water Sports,Swimwear & Safety,Swimwear,Women,,Sporting Goods > Water Sports > Swimwear & Safety > Swimwear > Women
140037,Sporting Goods,Water Sports,Swimwear & Safety,Swimwear,Youth,,Sporting Goods > Water Sports > Swimwear & Safety > Swimwear > Youth
159150,Sporting Goods,Water Sports,Swimwear & Safety,Other Swimwear & Safety,,,Sporting Goods > Water Sports > Swimwear & Safety > Other Swimwear & Safety
47362,Sporting Goods,Water Sports,Wakeboarding & Waterskiing,Bindings,Wakeboard Bindings,,Sporting Goods > Water Sports > Wakeboarding & Waterskiing > Bindings > Wakeboard Bindings
71171,Sporting Goods,Water Sports,Wakeboarding & Waterskiing,Bindings,Waterski Bindings,,Sporting Goods > Water Sports > Wakeboarding & Waterskiing > Bindings > Waterski Bindings
159163,Sporting Goods,Water Sports,Wakeboarding & Waterskiing,Kneeboards,,,Sporting Goods > Water Sports > Wakeboarding & Waterskiing > Kneeboards
74048,Sporting Goods,Water Sports,Wakeboarding & Waterskiing,Ropes & Handles,,,Sporting Goods > Water Sports > Wakeboarding & Waterskiing > Ropes & Handles
71169,Sporting Goods,Water Sports,Wakeboarding & Waterskiing,Tubing & Towables,,,Sporting Goods > Water Sports > Wakeboarding & Waterskiing > Tubing & Towables
47363,Sporting Goods,Water Sports,Wakeboarding & Waterskiing,Wakeboards,,,Sporting Goods > Water Sports > Wakeboarding & Waterskiing > Wakeboards
71175,Sporting Goods,Water Sports,Wakeboarding & Waterskiing,Waterskis,,,Sporting Goods > Water Sports > Wakeboarding & Waterskiing > Waterskis
15272,Sporting Goods,Water Sports,Wakeboarding & Waterskiing,Other Wakeboarding/Waterskiing,,,Sporting Goods > Water Sports > Wakeboarding & Waterskiing > Other Wakeboarding/Waterskiing
73994,Sporting Goods,Water Sports,Wetsuits & Drysuits,Drysuits,,,Sporting Goods > Water Sports > Wetsuits & Drysuits > Drysuits
74002,Sporting Goods,Water Sports,Wetsuits & Drysuits,Hoods,,,Sporting Goods > Water Sports > Wetsuits & Drysuits > Hoods
114256,Sporting Goods,Water Sports,Wetsuits & Drysuits,Rash Guards,,,Sporting Goods > Water Sports > Wetsuits & Drysuits > Rash Guards
16058,Sporting Goods,Water Sports,Wetsuits & Drysuits,Wetsuits,Men,,Sporting Goods > Water Sports > Wetsuits & Drysuits > Wetsuits > Men
47356,Sporting Goods,Water Sports,Wetsuits & Drysuits,Wetsuits,Women,,Sporting Goods > Water Sports > Wetsuits & Drysuits > Wetsuits > Women
47355,Sporting Goods,Water Sports,Wetsuits & Drysuits,Wetsuits,Youth,,Sporting Goods > Water Sports > Wetsuits & Drysuits > Wetsuits > Youth
29574,Sporting Goods,Water Sports,Wetsuits & Drysuits,Other Wetsuits & Drysuits,,,Sporting Goods > Water Sports > Wetsuits & Drysuits > Other Wetsuits & Drysuits
2920,Sporting Goods,Water Sports,Windsurfing,,,,Sporting Goods > Water Sports > Windsurfing
159151,Sporting Goods,Water Sports,Other Water Sports,,,,Sporting Goods > Water Sports > Other Water Sports
62171,Sporting Goods,Winter Sports,Clothing,Base Layers,,,Sporting Goods > Winter Sports > Clothing > Base Layers
26346,Sporting Goods,Winter Sports,Clothing,Coats & Jackets,,,Sporting Goods > Winter Sports > Clothing > Coats & Jackets
62172,Sporting Goods,Winter Sports,Clothing,Gloves & Mittens,,,Sporting Goods > Winter Sports > Clothing > Gloves & Mittens
21230,Sporting Goods,Winter Sports,Clothing,Goggles & Sunglasses,,,Sporting Goods > Winter Sports > Clothing > Goggles & Sunglasses
62175,Sporting Goods,Winter Sports,Clothing,Hats & Headwear,,,Sporting Goods > Winter Sports > Clothing > Hats & Headwear
36260,Sporting Goods,Winter Sports,Clothing,Protective Gear,,,Sporting Goods > Winter Sports > Clothing > Protective Gear
36261,Sporting Goods,Winter Sports,Clothing,Snow Pants & Bibs,,,Sporting Goods > Winter Sports > Clothing > Snow Pants & Bibs
62178,Sporting Goods,Winter Sports,Clothing,Snowsuits,,,Sporting Goods > Winter Sports > Clothing > Snowsuits
97064,Sporting Goods,Winter Sports,Clothing,Socks,,,Sporting Goods > Winter Sports > Clothing > Socks
59522,Sporting Goods,Winter Sports,Clothing,Sweaters,,,Sporting Goods > Winter Sports > Clothing > Sweaters
179012,Sporting Goods,Winter Sports,Clothing,Vests,,,Sporting Goods > Winter Sports > Clothing > Vests
16060,Sporting Goods,Winter Sports,Clothing,Other Winter Sport Clothing,,,Sporting Goods > Winter Sports > Clothing > Other Winter Sport Clothing
36265,Sporting Goods,Winter Sports,Cross Country Skiing,Bindings,,,Sporting Goods > Winter Sports > Cross Country Skiing > Bindings
36266,Sporting Goods,Winter Sports,Cross Country Skiing,Boots,,,Sporting Goods > Winter Sports > Cross Country Skiing > Boots
36267,Sporting Goods,Winter Sports,Cross Country Skiing,Skis,,,Sporting Goods > Winter Sports > Cross Country Skiing > Skis
28083,Sporting Goods,Winter Sports,Cross Country Skiing,Other Cross Country Skiing,,,Sporting Goods > Winter Sports > Cross Country Skiing > Other Cross Country Skiing
21238,Sporting Goods,Winter Sports,Downhill Skiing,Bindings,,,Sporting Goods > Winter Sports > Downhill Skiing > Bindings
16061,Sporting Goods,Winter Sports,Downhill Skiing,Boots,Men,,Sporting Goods > Winter Sports > Downhill Skiing > Boots > Men
21241,Sporting Goods,Winter Sports,Downhill Skiing,Boots,Women,,Sporting Goods > Winter Sports > Downhill Skiing > Boots > Women
21240,Sporting Goods,Winter Sports,Downhill Skiing,Boots,Youth,,Sporting Goods > Winter Sports > Downhill Skiing > Boots > Youth
58129,Sporting Goods,Winter Sports,Downhill Skiing,Poles,,,Sporting Goods > Winter Sports > Downhill Skiing > Poles
42814,Sporting Goods,Winter Sports,Downhill Skiing,Skis,,,Sporting Goods > Winter Sports > Downhill Skiing > Skis
1302,Sporting Goods,Winter Sports,Downhill Skiing,Other Downhill Skiing,,,Sporting Goods > Winter Sports > Downhill Skiing > Other Downhill Skiing
104636,Sporting Goods,Winter Sports,Ski Touring,,,,Sporting Goods > Winter Sports > Ski Touring
59892,Sporting Goods,Winter Sports,Sleds & Snow Tubes,,,,Sporting Goods > Winter Sports > Sleds & Snow Tubes
21248,Sporting Goods,Winter Sports,Snowboarding,Bindings,,,Sporting Goods > Winter Sports > Snowboarding > Bindings
36292,Sporting Goods,Winter Sports,Snowboarding,Boots,,,Sporting Goods > Winter Sports > Snowboarding > Boots
93825,Sporting Goods,Winter Sports,Snowboarding,Snowboards,,,Sporting Goods > Winter Sports > Snowboarding > Snowboards
159184,Sporting Goods,Winter Sports,Snowboarding,Stomp Pads,,,Sporting Goods > Winter Sports > Snowboarding > Stomp Pads
159155,Sporting Goods,Winter Sports,Snowboarding,Other Snowboarding,,,Sporting Goods > Winter Sports > Snowboarding > Other Snowboarding
58136,Sporting Goods,Winter Sports,Snowshoeing,,,,Sporting Goods > Winter Sports > Snowshoeing
62214,Sporting Goods,Winter Sports,Telemarking,,,,Sporting Goods > Winter Sports > Telemarking
21229,Sporting Goods,Winter Sports,Accessories,Bags & Backpacks,,,Sporting Goods > Winter Sports > Accessories > Bags & Backpacks
159183,Sporting Goods,Winter Sports,Accessories,Hand & Foot Warmers,,,Sporting Goods > Winter Sports > Accessories > Hand & Foot Warmers
119237,Sporting Goods,Winter Sports,Accessories,Tuning Tools,,,Sporting Goods > Winter Sports > Accessories > Tuning Tools
62170,Sporting Goods,Winter Sports,Accessories,Wax,,,Sporting Goods > Winter Sports > Accessories > Wax
21232,Sporting Goods,Winter Sports,Accessories,Other Winter Sport Accessories,,,Sporting Goods > Winter Sports > Accessories > Other Winter Sport Accessories
1303,Sporting Goods,Winter Sports,Other Winter Sports,,,,Sporting Goods > Winter Sports > Other Winter Sports
310,Sporting Goods,Other Sporting Goods,,,,,Sporting Goods > Other Sporting Goods
